code,genus,species,family,abundance
ABARJU,Abarema,jupunba,Fabaceae-mimosoideae,22
ABARLA,Abarema,laeta,Fabaceae-mimosoideae,95
ABUTGR,Abuta,grandifolia,Menispermaceae,253
ACALCU,Acalypha,cuneata,Euphorbiaceae,496
ACALSD,Acalypha,sharpdent,Euphorbiaceae,61
ACALSH,Acalypha,sharpub,Euphorbiaceae,22
ACANAN,Acanthosyris,annonagustata,Santalaceae,7
ACIDNI,Acidoton,nicaraguensis,Euphorbiaceae,1348
AEGICO,Aegiphila,cordifolia_var.villos,Verbenaceae,69
AEGIEL,Aegiphila,elegans,Verbenaceae,4
AEGIHA,Aegiphila,haughtii,Verbenaceae,92
AEGIIN,Aegiphila,integrifolia,Verbenaceae,8
AEGIME,Aegiphila,memboscu,Verbenaceae,17
AGONPE,Agonandra,peruviana,Opiliaceae,31
AGONSI,Agonandra,silvatica,Opiliaceae,22
AIOUGR,Aiouea,grandifolia,Lauraceae,4
AIOUSP,Aiouea,sp.nov.,Lauraceae,9
AIPHUL,Aiphanes,ulei,Arecaceae,353
ALBINI,Albizia,niopoides,Fabaceae-mimosoideae,25
ALC1GL,Alchornea,glandulosa,Euphorbiaceae,2
ALC1TR,Alchornea,triplinervia,Euphorbiaceae,200
ALCHSC,Alchornea,schomburkii_cf.,Euphorbiaceae,1
ALC2FL,Alchorneopsis,floribunda,Euphorbiaceae,69
ALIBIS,Alibertia,isernii,Rubiaceae,44
ALIBJO,Alibertia,jorge,Rubiaceae,21
ALIBLA,Alibertia,lance,Rubiaceae,52
ALIBPE,Alibertia,pelitos,Rubiaceae,14
ALIBPI,Alibertia,pilosa,Rubiaceae,22
ALLOAM,Allophylus,amazonicus,Sapindaceae,29
ALLOGL,Allophylus,glabra,Sapindaceae,175
ALLOPI,Allophylus,pilosus,Sapindaceae,81
ALLOPU,Allophylus,punctatus,Sapindaceae,2
ALLOSC,Allophylus,divaricatus,Sapindaceae,34
ALSELU,Alseis,lugonis_cf.,Rubiaceae,217
ALSOCU,Alsophila,cuspidata,Cyatheaceae,8
AMPEED,Ampelocera,edentula,Ulmaceae,136
AMPELO,Ampelocera,longissima,Ulmaceae,25
AMYRMA,Amyris,macrocarpa,Rutaceae,14
ANAXBR,Anaxagorea,brevipes,Annonaceae,42
ANDIIN,Andira,inermis,Fabaceae-papilionoideae,41
ANDIMA,Andira,macrothyrsa,Fabaceae-papilionoideae,5
ANDIMU,Andira,multistipula,Fabaceae-papilionoideae,5
ANDISP,Andira,sp.nov.,Fabaceae-papilionoideae,5
ANIBAN,Aniba,angulopepper,Lauraceae,95
ANIBGU,Aniba,guianensis,Lauraceae,151
ANIBHO,Aniba,hostmanniana,Lauraceae,295
ANIBRI,Aniba,riparia,Lauraceae,255
ANIBTA,Aniba,taubertiana,Lauraceae,14
ANNOAM,Annona,ambotay,Annonaceae,40
ANNODU,Annona,duckei,Annonaceae,25
ANNOMO,Annona,mosaic,Annonaceae,6
ANTHAM,Anthodiscus,amazonicus,Caryocaraceae,12
APARCO,Aparisthmium,cordatum,Euphorbiaceae,481
APEIME,Apeiba,membranacea,Tiliaceae,453
APEITI,Apeiba,tibourbou,Tiliaceae,2
APHECR,Aphelandra,crispata,Acanthaceae,64
APTATU,Aptandra,tubicina,Olacaceae,51
APULLE,Apuleia,leiocarpa,Fabaceae,17
ARDIDE,Ardisia,densapunta,Myrsinaceae,51
ARDISE,Ardisia,semibulada,Myrsinaceae,90
ASPIBL,Aspidosperma,blancimpreso,Apocynaceae,7
ASPIME,Aspidosperma,megalocarpon,Apocynaceae,10
ASPIRI,Aspidosperma,rigidum,Apocynaceae,48
ASPISP,Aspidosperma,spruceanum,Apocynaceae,6
ASTCCH,Astrocaryum,chambira,Arecaceae,97
ASTCMU,Astrocaryum,murumuru,Arecaceae,83
ASTRGR,Astronium,graveolens,Anacardiaceae,62
ATTAMA,Attalea,maripa,Arecaceae,1
BACTCO,Bactris,corossilla,Arecaceae,40
BACTMA,Bactris,maraja_sp.juruensis,Arecaceae,10
BACTMM,Bactris,maraja_sp.maraja,Arecaceae,83
BACTSI,Bactris,simplicifrons,Arecaceae,17
BANANI,Banara,nitida,Flacourtiaceae,6
BATOAM,Batocarpus,amazonicus,Moraceae,8
BATOCO,Batocarpus,costaricensis,Moraceae,5
BATOOR,Batocarpus,orinocensis,Moraceae,136
BAUHBR,Bauhinia,brachycalyx,Fabaceae-caesalpinioideae,198
BEILPE,Beilschmiedia,pendula,Lauraceae,42
BELLPE,Bellucia,pentamera,Melastomataceae,30
BERTGU,Bertiera,guianensis,Rubiaceae,22
BESLQU,Besleria,quadrangulata,Gesneriaceae,100
BLAKRO,Blakea,rosea,Melastomataceae,2
BOROAX,Borojoa,axiglab,Rubiaceae,94
BOROCL,Borojoa,claviflora,Rubiaceae,180
BROSAC,Brosimum,acutifolium,Moraceae,9
BROSGU,Brosimum,guianense,Moraceae,117
BROSLA,Brosimum,lactescens,Moraceae,58
BROSPO,Brosimum,potabile,Moraceae,1
BROSUT,Brosimum,utile,Moraceae,80
BROWGR,Brownea,grandiceps,Fabaceae,2170
BROWRO,Brownea,rosada,Fabaceae,1
BROWSP,Brownea,sp.nov.,Fabaceae,489
BRUNCH,Brunfelsia,chiricaspi,Solanaceae,2
BUCHCO,Buchenavia,congesta,Combretaceae,16
BUCHGR,Buchenavia,grandis,Combretaceae,36
BUCHMA,Buchenavia,macrophylla,Combretaceae,9
BUCHPA,Buchenavia,parvifolia,Combretaceae,31
BUCHPU,Buchenavia,punctata,Combretaceae,9
BUNCAR,Bunchosia,argentea,Malpighiaceae,84
BUNCBL,Bunchosia,blanquita,Malpighiaceae,39
BUNCMY,Bunchosia,myrt,Malpighiaceae,86
BYRSJU,Byrsonima,juanito,Malpighiaceae,21
BYRSPU,Byrsonima,putumayensis,Malpighiaceae,72
CABRCA,Cabralea,canjerana,Meliaceae,120
CALLCA,Calliandra,carbonaria,Fabaceae,107
CALOBR,Calophyllum,brasiliense,Clusiaceae,27
CALCME,Calycophyllum,megistocaulum,Rubiaceae,225
CALPBI,Calyptranthes,bipennis,Myrtaceae,146
CALPGC,Calyptranthes,grancauli,Myrtaceae,3
CALPGI,Calyptranthes,gigante,Myrtaceae,11
CALPLO,Calyptranthes,loraine,Myrtaceae,1
CALPPE,Calyptranthes,pelopalida,Myrtaceae,11
CALPPL,Calyptranthes,plicata,Myrtaceae,104
CALPPT,Calyptranthes,punteada,Myrtaceae,14
CALPRU,Calyptranthes,ruiziana,Myrtaceae,167
CALPSE,Calyptranthes,sedosa,Myrtaceae,164
CALPSP,Calyptranthes,speciosa,Myrtaceae,132
CALYPS,Calyptranthes,pseudospeciosa,Myrtaceae,32
CALYPU,Calyptranthes,punctote,Myrtaceae,89
CAMPLI,Campomanesia,lineatifolia,Myrtaceae,45
CAPIDE,Capirona,decorticans,Rubiaceae,51
CAPPDE,Capparis,detonsa,Capparaceae,152
CAPPOS,Capparis,osmantha,Capparaceae,31
CAPPSO,Capparis,sola,Capparaceae,663
CARAMY,Caraipa,myricoides_aff.,Clusiaceae,44
CARIBR,Carica,brillante,Caricaceae,14
CARIMI,Carica,microcarpa,Caricaceae,6
CARPLO,Carpotroche,longifolia,Flacourtiaceae,642
CARYGL,Caryocar,glabrum,Caryocaraceae,10
CAROCH,Caryodaphnopsis,chica,Lauraceae,10
CAROFO,Caryodaphnopsis,fosteri,Lauraceae,7
CAROTO,Caryodaphnopsis,tomentosa,Lauraceae,23
CARDOR,Caryodendron,orinocense,Euphorbiaceae,199
CASEAC,Casearia,aculeata,Flacourtiaceae,9
CASEAE,Casearia,arborea,Flacourtiaceae,103
CASEAR,Casearia,argut,Flacourtiaceae,67
CASEBR,Casearia,bracteifera,Flacourtiaceae,75
CASEJA,Casearia,javitensis,Flacourtiaceae,240
CASENI,Casearia,nigricans,Flacourtiaceae,160
CASEPF,Casearia,prunifolia,Flacourtiaceae,193
CASEPI,Casearia,pitumba,Flacourtiaceae,34
CASEPR,Casearia,prunicerob,Flacourtiaceae,337
CASESP,Casearia,sylvepub,Flacourtiaceae,21
CASES2,Casearia,sp.nov.,Flacourtiaceae,2
CASESY,Casearia,sylvestris,Flacourtiaceae,64
CASEUL,Casearia,ulmifolia,Flacourtiaceae,88
CASSCO,Cassia,cowanii,Fabaceae-caesalpinioideae,6
CASTUL,Castilla,ulei,Moraceae,174
CATHAC,Cathedra,acuminata,Olacaceae,19
CECRAC,Cecropia,acer,Cecropiaceae,3
CECREN,Cecropia,engleriana,Cecropiaceae,16
CECRFI,Cecropia,ficifolia,Cecropiaceae,395
CECRHE,Cecropia,herthae,Cecropiaceae,50
CECRMA,Cecropia,marginalis,Cecropiaceae,10
CECRSC,Cecropia,sciadophylla,Cecropiaceae,512
CEDAFI,Cedrela,fissilis,Meliaceae,77
CEDAOD,Cedrela,odorata,Meliaceae,1
CEDGCA,Cedrelinga,cateniformis,Fabaceae,40
CEIBPE,Ceiba,pentandra,Bombacaceae,6
CELTSC,Celtis,schippii,Ulmaceae,144
CENTLO,Centropogon,loretensis,Campanulaceae,11
CESTME,Cestrum,megalophyllum,Solanaceae,27
CESTSI,Cestrum,silvaticum,Solanaceae,17
CESTTO,Cestrum,tomentosum,Solanaceae,5
CHAMPI,Chamaedorea,pinnatifrons,Arecaceae,134
CHEICO,Cheiloclinium,cognatum,Hippocrateaceae,27
CHIMGL,Chimarrhis,glabriflora,Rubiaceae,9
CHIMJA,Chimarrhis,jacob,Rubiaceae,44
CHIOOP,Chionanthus,opipulv,Oleaceae,45
CHLO2S,Chlorocardium,2subopo,Lauraceae,11
CHOMCO,Chomelia,comun,Rubiaceae,143
CHRCFR,Chrysochlamys,fragil,Clusiaceae,9
CHRCHU,Chrysochlamys,hugo,Clusiaceae,4
CHRCME,Chrysochlamys,membranacea,Clusiaceae,59
CHRCTE,Chrysochlamys,tenuifolia,Clusiaceae,52
CHRYAM,Chrysophyllum,amazonicum,Sapotaceae,19
CHRYAR,Chrysophyllum,argenteum,Sapotaceae,206
CHRYBA,Chrysophyllum,baeo,Sapotaceae,14
CHRYCU,Chrysophyllum,cuneifolium,Sapotaceae,112
CHRYMA,Chrysophyllum,manaosense,Sapotaceae,17
CHRYMI,Chrysophyllum,minor,Sapotaceae,11
CHRYTR,Chrysophyllum,tremi,Sapotaceae,12
CHRYVE,Chrysophyllum,venezuelanense,Sapotaceae,8
CINNNA,Cinnamomum,napoense,Lauraceae,18
CINNOP,Cinnamomum,oppretic,Lauraceae,44
CINNPE,Cinnamomum,peloimpreso,Lauraceae,3
CINNTR,Cinnamomum,triplinerve,Lauraceae,2
CITHPO,Citharexylum,poeppigii,Verbenaceae,1
CLARBI,Clarisia,biflora,Moraceae,92
CLARRA,Clarisia,racemosa,Moraceae,23
CLAVDE,Clavija,delgada,Theophrastaceae,3
CLAVPR,Clavija,procera,Theophrastaceae,72
CLAVWE,Clavija,weberbaueri,Theophrastaceae,23
CLIDDI,Clidemia,dimorphica,Melastomataceae,18
COCCCO,Coccoloba,cordi,Polygonaceae,2
COCCDE,Coccoloba,densifrons,Polygonaceae,327
COCCGI,Coccoloba,gigante,Polygonaceae,94
COCCJI,Coccoloba,jill,Polygonaceae,2
COCCLA,Coccoloba,lancifuzz,Polygonaceae,6
COCCMO,Coccoloba,mollis,Polygonaceae,28
COCCNI,Coccoloba,ninfi,Polygonaceae,6
COCCPA,Coccoloba,papel,Polygonaceae,48
COCCPB,Coccoloba,puntoblanco,Polygonaceae,10
COCCPU,Coccoloba,puntonegro,Polygonaceae,13
COCCSU,Coccoloba,subscab,Polygonaceae,3
COLUAR,Colubrina,arbol,Rhamnaceae,9
COMPCA,Compsoneura,capitellata,Myristicaceae,113
COMPUL,Compsoneura,ulei,Myristicaceae,54
CONCRH,Conceveiba,rhytidocarpa,Euphorbiaceae,496
CORDBU,Cordia,buladent,Boraginaceae,5
CORDCH,Cordia,chamissoniana,Boraginaceae,18
CORDCO,Cordia,collococca,Boraginaceae,62
CORDHE,Cordia,hebeclada,Boraginaceae,9
CORDJO,Cordia,joli,Boraginaceae,47
CORDKI,Cordia,kingstoniana,Boraginaceae,29
CORDNO,Cordia,nodosa,Boraginaceae,1027
CORDUC,Cordia,ucayaliensis,Boraginaceae,67
COUEOB,Couepia,obovata,Chrysobalanaceae,38
COUEPA,Couepia,parillo,Chrysobalanaceae,23
COUTGU,Couratari,guianensis,Lecythidaceae,21
COURGU,Couroupita,guianensis,Lecythidaceae,6
COSSOR,Coussapoa,orthoneura,Cecropiaceae,23
COUSBR,Coussarea,brevi,Rubiaceae,12
COUSCE,Coussarea,cephaeloides,Rubiaceae,24
COUSDU,Coussarea,dulcifolia,Rubiaceae,67
COUSKL,Coussarea,klugii,Rubiaceae,21
CREMCA,Cremastosperma,cauliflorum,Annonaceae,48
CREMGR,Cremastosperma,gracilipes,Annonaceae,50
CREPGO,Crepidospermum,goudotianum,Burseraceae,1
CREPRH,Crepidospermum,rhoifolium,Burseraceae,196
CRYPNO,Cryptocarya,aschersoniana,Lauraceae,430
CUPACI,Cupania,cinerea,Sapindaceae,24
CUPALI,Cupania,livida,Sapindaceae,106
CYATLA,Cyathea,lasiosora,Cyatheaceae,257
CYATPU,Cyathea,pungens,Cyatheaceae,8
CYBIPE,Cybianthus,perseon,Myrsinaceae,23
CYMBCO,Cymbopetalum,coriaceum,Annonaceae,43
CYPHME,Cyphomandra,membra,Solanaceae,11
CYPHPI,Cyphomandra,pilosa,Solanaceae,29
DACRGO,Dacryodes,gorda,Burseraceae,88
DACRPE,Dacryodes,peruviana,Burseraceae,130
DALBNI,Dalbergia,nigrescens,Fabaceae-papilionoideae,10
DENBBO,Dendrobangia,boliviana,Icacinaceae,74
DENDAR,Dendropanax,arboreus,Araliaceae,83
DENDCA,Dendropanax,caucanus_cf.(grande),Araliaceae,141
DENDQU,Dendropanax,querceti,Araliaceae,490
DIALGU,Dialium,guianense,Fabaceae-caesalpinioideae,92
DILKPA,Dilkea,parviflora,Passifloraceae,322
DILKPS,Dilkea,pasillo,Passifloraceae,1
DIOSAR,Diospyros,artanthifolia,Ebenaceae,17
DIOSCR,Diospyros,capreifolia,Ebenaceae,37
DIOSEK,Diospyros,ekodul,Ebenaceae,24
DIOSPS,Diospyros,pseudoxylopia,Ebenaceae,52
DIOSSU,Diospyros,subrotata,Ebenaceae,12
DIPOCU,Diploon,cuspidatum,Sapotaceae,1
DIPLPT,Diplotropis,pterochic,Fabaceae,2
DIPLPU,Diplotropis,purpurea,Fabaceae,10
DISCGU,Discophora,guianensis,Icacinaceae,204
DRYPAM,Drypetes,amazonica,Euphorbiaceae,124
DRYPVA,Drypetes,variabilis,Euphorbiaceae,75
DUGUCO,Duguetia,cortaten,Annonaceae,31
DUGUHA,Duguetia,hadrantha,Annonaceae,392
DUGUQU,Duguetia,quitarensis,Annonaceae,169
DUGUSP,Duguetia,spixiana,Annonaceae,98
DUGUSU,Duguetia,surinamensis,Annonaceae,19
DULACA,Dulacia,candida,Olacaceae,107
DUROES,Duroia,eriopila,Rubiaceae,137
DUROHI,Duroia,hirsuta,Rubiaceae,272
DUSSDE,Dussia,delgada,Fabaceae,17
DUSSPE,Dussia,pelosblancos,Fabaceae,16
DUSSTE,Dussia,tessmannii,Fabaceae,27
ECCLAN,Ecclinusa,angostaestipul,Sapotaceae,10
ECCLGU,Ecclinusa,guianensis,Sapotaceae,54
ELAEGL,Elaeoluma,glabrescens,Sapotaceae,18
ENDLBR,Endlicheria,bracteata,Lauraceae,53
ENDLBU,Endlicheria,burbujas,Lauraceae,16
ENDLCA,Endlicheria,canescens,Lauraceae,2
ENDLFA,Endlicheria,falsadyso,Lauraceae,33
ENDLKR,Endlicheria,krukovii,Lauraceae,19
ENDLSE,Endlicheria,sericea,Lauraceae,22
ENDLS2,Endlicheria,sericea_aff.,Lauraceae,94
ENDLSP,Endlicheria,sp.nov.,Lauraceae,270
ENDLTE,Endlicheria,tessmannii,Lauraceae,76
ENDLTS,Endlicheria,tschudyana,Lauraceae,502
ENTEBA,Enterolobium,barnebianum,Fabaceae-mimosoideae,2
ERIOGL,Eriotheca,globosa,Bombacaceae,5
ERISUN,Erisma,uncinatum,Vochysiaceae,6
ERYNAM,Erythrina,amazonica,Fabaceae-papilionoideae,2
ERTHMA,Erythrochiton,margot,Rutaceae,8
ERYOGR,Erythroxylum,gracilipes,Erythroxylaceae,14
ERYOMA,Erythroxylum,macrophyllum_var.ecuadorense,Erythroxylaceae,114
ERYOSQ,Erythroxylum,squamatum,Erythroxylaceae,8
ERYTMA,Erythroxylum,macrophyllum_var.macrocnemium,Erythroxylaceae,64
ESCHAN,Eschweilera,andina,Lecythidaceae,21
ESCHBR,Eschweilera,bracteosa,Lecythidaceae,186
ESCHCO,Eschweilera,coriacea,Lecythidaceae,1345
ESCHGD,Eschweilera,gigandin,Lecythidaceae,3
ESCHGG,Eschweilera,gigantea,Lecythidaceae,52
ESCHGI,Eschweilera,giga,Lecythidaceae,505
ESCHGR,Eschweilera,gigarco,Lecythidaceae,11
ESCHJU,Eschweilera,juruensis,Lecythidaceae,11
ESCHRU,Eschweilera,rufifolia,Lecythidaceae,204
ESENAM,Esenbeckia,amazonica,Rutaceae,187
ESENLI,Esenbeckia,lisa,Rutaceae,15
EUGECO,Eugenia,coffeifolia_aff.,Myrtaceae,65
EUGEDE,Eugenia,deltocrespis_aff.,Myrtaceae,85
EUGEEG,Eugenia,egensis,Myrtaceae,14
EUGEFE,Eugenia,feijoi,Myrtaceae,83
EUGEFL,Eugenia,florida,Myrtaceae,714
EUGEGR,Eugenia,graneschweil,Myrtaceae,44
EUGEGV,Eugenia,granvariable,Myrtaceae,95
EUGELA,Eugenia,lambertiana,Myrtaceae,21
EUGEMA,Eugenia,margot,Myrtaceae,56
EUGEMC,Eugenia,macrocalyx,Myrtaceae,56
EUGEMI,Eugenia,minicomun,Myrtaceae,598
EUGEMR,Eugenia,mimus_aff._rojo,Myrtaceae,75
EUGEMV,Eugenia,mimus_aff._verde,Myrtaceae,59
EUGEMN,Eugenia,membranegra,Myrtaceae,4
EUGEMU,Eugenia,multirimosa,Myrtaceae,117
EUGEMY,Eugenia,myrobalana_aff.,Myrtaceae,95
EUGEPA,Eugenia,panosadorada,Myrtaceae,40
EUGERA,Eugenia,ramamarilla,Myrtaceae,30
EUGESC,Eugenia,schunkei,Myrtaceae,260
EUGESD,Eugenia,smedcostadorada,Myrtaceae,24
EUGESS,Eugenia,smedcostacrasa,Myrtaceae,6
EUPLOC,Euplassa,occidentalis_cf.,Proteaceae,6
EUTEPR,Euterpe,precatoria,Arecaceae,33
FARACA,Faramea,capillipes,Rubiaceae,633
FARAGL,Faramea,glandulosa,Rubiaceae,16
FARAMU,Faramea,multiflora,Rubiaceae,28
FARAQU,Faramea,quinqueflora,Rubiaceae,268
FARATO,Faramea,torquata,Rubiaceae,45
FARAUN,Faramea,uncinata,Rubiaceae,16
FICUBA,Ficus,bajio,Moraceae,3
FICUBR,Ficus,brevibracteata,Moraceae,3
FICUCA,Ficus,casapi,Moraceae,5
FICUGO,Ficus,gomelleira,Moraceae,2
FICUMA,Ficus,maxima,Moraceae,17
FICUMI,Ficus,minimax,Moraceae,1
FICUNY,Ficus,nymphaeifolia,Moraceae,2
FICUOV,Ficus,oveja,Moraceae,1
FICUPE,Ficus,perez-arbelaezii,Moraceae,4
FICUPI,Ficus,piresiana,Moraceae,7
FICUTO,Ficus,tonduzii,Moraceae,11
FICUTR,Ficus,trigona,Moraceae,5
FICUUR,Ficus,ursina,Moraceae,1
FROEDI,Froesia,diffusa,Quiinaceae,5
GARCBR,Garcinia,brasiliensis,Clusiaceae,76
GARCMA,Garcinia,madruno,Clusiaceae,4
GARCMC,Garcinia,macrophylla,Clusiaceae,7
GENIAM,Genipa,americana,Rubiaceae,2
GEONCO,Geonoma,aspidifolia,Arecaceae,692
GEONMA,Geonoma,maxima,Arecaceae,100
GEONSP,Geonoma,stricta_var.piscicauda,Arecaceae,1
GEONSS,Geonoma,stricta_var.stricta,Arecaceae,2
GEONTR,Geonoma,triglochin,Arecaceae,79
GLOEEQ,Gloeospermum,equatoriense,Violaceae,348
GLOELO,Gloeospermum,longifolium,Violaceae,184
GLOESP,Gloeospermum,sphaerocarpum_cf.,Violaceae,6
GLYCAM,Glycydendron,amazonicum,Euphorbiaceae,22
GORDFR,Gordonia,fruticosa,Theaceae,1
GRIANE,Grias,neuberthii,Lecythidaceae,218
GUAPCL,Guapira,clasica,Nyctaginaceae,201
GUAPGR,Guapira,granclasica,Nyctaginaceae,71
GUARCA,Guarea,carinata,Meliaceae,146
GUAREC,Guarea,ecuadoriensis,Meliaceae,15
GUARFA,Guarea,falsakunth,Meliaceae,95
GUARFI,Guarea,fistulosa,Meliaceae,1215
GUARGD,Guarea,guidonia,Meliaceae,1
GUARGI,Guarea,gigakunth,Meliaceae,84
GUARGL,Guarea,glabra,Meliaceae,116
GUARGO,Guarea,gomma,Meliaceae,249
GUARGR,Guarea,grandifolia,Meliaceae,287
GUARGU,Guarea,guentheri,Meliaceae,141
GUARGZ,Guarea,guenthfuzzy,Meliaceae,48
GUARKU,Guarea,kunthiana,Meliaceae,1177
GUARM2,Guarea,macrophylla_ssp.2,Meliaceae,97
GUARMA,Guarea,macrophylla_ssp.pachycarpa,Meliaceae,316
GUARM3,Guarea,macrophylla_ssp.3,Meliaceae,64
GUARPA,Guarea,patricio,Meliaceae,1
GUARPB,Guarea,pubescens,Meliaceae,236
GUARPT,Guarea,pterorhachis,Meliaceae,353
GUARPU,Guarea,purusana,Meliaceae,208
GUARSI,Guarea,silvatica,Meliaceae,472
GUATAS,Guatteria,asplundiana_cf.,Annonaceae,222
GUATBR,Guatteria,brevicuspis_cf.,Annonaceae,311
GUATCI,Guatteria,citriodora,Annonaceae,33
GUATGI,Guatteria,gigante,Annonaceae,50
GUATGL,Guatteria,glaberrima,Annonaceae,283
GUATGS,Guatteria,gransmoothie,Annonaceae,3
GUATMU,Guatteria,multivenia,Annonaceae,207
GUATPC,Guatteria,punctomarron,Annonaceae,14
GUATPL,Guatteria,planerdorita,Annonaceae,11
GUATRE,Guatteria,recurvisepala,Annonaceae,183
GUETAC,Guettarda,acreana,Rubiaceae,130
GUSTHE,Gustavia,hexapetala,Lecythidaceae,209
GUSTLO,Gustavia,longifolia,Lecythidaceae,1016
HASSFL,Hasseltia,floribunda,Flacourtiaceae,143
HASSHA,Hasseltia,hasseltomen,Flacourtiaceae,26
HEISAC,Heisteria,acuminata,Olacaceae,114
HEISFL,Heisteria,flacarco,Olacaceae,6
HEISGR,Heisteria,grande,Olacaceae,43
HEISMU,Heisteria,multiglan,Olacaceae,2
HEISNI,Heisteria,nitida,Olacaceae,37
HELITO,Helicostylis,tomentosa,Moraceae,137
HERRCU,Herrania,cuatrecasana,Sterculiaceae,102
HERRNI,Herrania,nitida,Sterculiaceae,140
HIERAL,Hieronyma,alchorneoides,Euphorbiaceae,37
HIEROB,Hieronyma,oblonga,Euphorbiaceae,26
HIMASU,Himatanthus,sucuuba,Apocynaceae,132
HIRTEX,Hirtella,excelsa,Chrysobalanaceae,166
HIRTRA,Hirtella,racemosa,Chrysobalanaceae,7
HUERGL,Huertea,glandulosa,Staphyleaceae,18
HYMAOB,Hymenaea,oblongifolia,Fabaceae,122
HYMEST,Hymenolobium,stipsericea,Fabaceae,1
HYOSEL,Hyospathe,elegans,Arecaceae,102
INGA3C,Inga,3crasa,Fabaceae-mimosoideae,14
INGA3O,Inga,3oscura,Fabaceae-mimosoideae,166
INGA4A,Inga,4alitarco,Fabaceae-mimosoideae,1
INGA6C,Inga,6cuadra,Fabaceae-mimosoideae,636
INGAAB,Inga,alba,Fabaceae-mimosoideae,88
INGAAC,Inga,acreana,Fabaceae-mimosoideae,269
INGAAL,Inga,alata,Fabaceae-mimosoideae,62
INGAAU,Inga,auristellae,Fabaceae-mimosoideae,1646
INGABO,Inga,bourgonii,Fabaceae-mimosoideae,99
INGABR,Inga,brachyrhachis,Fabaceae-mimosoideae,186
INGACA,Inga,capitata,Fabaceae-mimosoideae,978
INGACI,Inga,ciliata,Fabaceae-mimosoideae,242
INGACN,Inga,cinnamomea,Fabaceae-mimosoideae,36
INGACO,Inga,cordatoalata,Fabaceae-mimosoideae,295
INGACY,Inga,cayennensis,Fabaceae-mimosoideae,136
INGAHE,Inga,heterophylla,Fabaceae-mimosoideae,81
INGALE,Inga,leiocalycina,Fabaceae-mimosoideae,243
INGAMA,Inga,marginata,Fabaceae-mimosoideae,469
INGAMI,Inga,microcoma,Fabaceae-mimosoideae,58
INGAMU,Inga,multinervis,Fabaceae-mimosoideae,31
INGANO,Inga,nobilis,Fabaceae-mimosoideae,92
INGAOE,Inga,oerstediana,Fabaceae-mimosoideae,105
INGAPO,Inga,poeppigiana,Fabaceae-mimosoideae,67
INGAPU,Inga,punctata,Fabaceae-mimosoideae,50
INGARU,Inga,ruiziana,Fabaceae-mimosoideae,342
INGASA,Inga,sapindoides,Fabaceae-mimosoideae,35
INGASB,Inga,spectabilis,Fabaceae-mimosoideae,38
INGASE,Inga,sertulifera,Fabaceae-mimosoideae,9
INGASL,Inga,stellaeglabra,Fabaceae-mimosoideae,68
INGASP,Inga,stipulacea,Fabaceae-mimosoideae,21
INGASR,Inga,sarayacuensis,Fabaceae-mimosoideae,36
INGAST,Inga,striata,Fabaceae-mimosoideae,21
INGATE,Inga,tenuistipula,Fabaceae-mimosoideae,85
INGATH,Inga,thibaudiana,Fabaceae-mimosoideae,107
INGATP,Inga,thibaudiana_ssp.peltadenia,Fabaceae-mimosoideae,32
INGATO,Inga,tocacheana,Fabaceae-mimosoideae,21
INGAUE,Inga,umbellifera,Fabaceae-mimosoideae,145
INGAUM,Inga,umbratica,Fabaceae-mimosoideae,615
INGAVE,Inga,velutina,Fabaceae-mimosoideae,25
INGAVI,Inga,vismiifolia,Fabaceae-mimosoideae,97
INGAYA,Inga,yacoana,Fabaceae-mimosoideae,185
IRIADE,Iriartea,deltoidea,Arecaceae,2233
IRYAGR,Iryanthera,grandis,Myristicaceae,63
IRYAHO,Iryanthera,hostmannii,Myristicaceae,881
IRYAJU,Iryanthera,juruensis,Myristicaceae,139
IXORAC,Ixora,acuminatissima,Rubiaceae,103
IXORKI,Ixora,killipii,Rubiaceae,139
IXORPA,Ixora,panurensis,Rubiaceae,98
JACACO,Jacaranda,copaia,Bignoniaceae,73
JACAGL,Jacaranda,glabra,Bignoniaceae,38
JACTDI,Jacaratia,digitata,Caricaceae,18
JUSTSA,Justicia,sanchezioides,Acanthaceae,5
KLARNA,Klarobelia,napoensis,Annonaceae,4
KOTCSE,Kutchubaea,semisericea,Rubiaceae,11
LACIAG,Lacistema,aggregatum,Lacistemataceae,6
LACIME,Lacistema,med,Lacistemataceae,46
LACMLA,Lacmellea,lactescens,Apocynaceae,63
LACMOB,Lacmellea,oblongata,Apocynaceae,7
LACUCR,Lacunaria,crenada,Quiinaceae,7
LACUJE,Lacunaria,jenmanii,Quiinaceae,98
LAETPR,Laetia,procera,Flacourtiaceae,13
LAXOTE,Laxoplumeria,tessmannii,Apocynaceae,12
LEANAR,Leandra,aristigera,Melastomataceae,2
LEANBL,Leandra,blanca,Melastomataceae,1
LECOPE,Lecointea,peruviana,Fabaceae,54
LEONCR,Leonia,crassa,Violaceae,176
LEONGG,Leonia,glycycarpa_var.glycycarpa,Violaceae,529
LEONGR,Leonia,glycycarpa_var.racemosa,Violaceae,11
LEONOC,Leonia,occidentalis,Violaceae,2
LICAAR,Licania,arborea,Chrysobalanaceae,18
LICAAU,Licania,aubreuvillei_cf.,Chrysobalanaceae,1
LICACA,Licania,caudata,Chrysobalanaceae,57
LICAHA,Licania,harlingii,Chrysobalanaceae,242
LICAHI,Licania,hipofuzzy,Chrysobalanaceae,32
LICALG,Licania,longipedicellata,Chrysobalanaceae,530
LICALO,Licania,longistyla,Chrysobalanaceae,70
LICAMA,Licania,macrocarpa,Chrysobalanaceae,3
LICANE,Licania,nervifina,Chrysobalanaceae,157
LICARE,Licania,reticulata,Chrysobalanaceae,69
LICASI,Licania,silvae_cf.,Chrysobalanaceae,87
LICAUR,Licania,urceolaris,Chrysobalanaceae,22
LICAZI,Licania,zigzag,Chrysobalanaceae,150
LICRBR,Licaria,brillacuspi,Lauraceae,29
LICRCA,Licaria,cannella,Lauraceae,101
LICRGU,Licaria,guianensis,Lauraceae,17
LINDPA,Lindackeria,paludosa,Flacourtiaceae,91
LONCSE,Lonchocarpus,seorsus,Fabaceae-papilionoideae,136
LORESP,Loreya,spruceana,Melastomataceae,4
LOZAKL,Lozania,klugii,Lacistemataceae,181
LOZAME,Lozania,mediana,Lacistemataceae,84
LUNAPA,Lunania,parviflora,Flacourtiaceae,6
MABECO,Mabea,comun,Euphorbiaceae,919
MABESU,Mabea,superbrondu,Euphorbiaceae,596
MACHAR,Machaerium,aristulatum,Fabaceae,13
MACHFI,Machaerium,finiparalel,Fabaceae,67
MACRAN,Macrolobium,angustifolium,Fabaceae-caesalpinioideae,90
MACRCO,Macrolobium,colombianum,Fabaceae-caesalpinioideae,18
MACRSP,Macrolobium,sp.nov.,Fabaceae-caesalpinioideae,610
MACRST,Macrolobium,stenocladum,Fabaceae-caesalpinioideae,133
MAQUCA,Maquira,calophylla,Moraceae,390
MAQUGU,Maquira,guianensis,Moraceae,39
MARGNO,Margaritaria,nobilis,Euphorbiaceae,170
MARGRO,Margaritaria,sp.nov.,Euphorbiaceae,27
MARIPL,Marila,pluricostata_cf.,Clusiaceae,176
MARIPU,Marila,puntorojo,Clusiaceae,31
MARMBA,Marmaroxylon,basijugum,Fabaceae,1949
MATAOC,Matayba,ocho,Sapindaceae,13
MATIBR,Matisia,bracteolosa,Bombacaceae,689
MATICO,Matisia,cordata,Bombacaceae,45
MATILO,Matisia,longiflora,Bombacaceae,1044
MATIMA,Matisia,malacocalyx,Bombacaceae,2306
MATIOB,Matisia,oblongifolia,Bombacaceae,4622
MATIOQ,Matisia,obliquifolia,Bombacaceae,461
MAYNAN,Mayna,anelio,Flacourtiaceae,140
MAYNOD,Mayna,odorata,Flacourtiaceae,98
MAYTAL,Maytenus,ala,Celastraceae,32
MAYTEB,Maytenus,ebenifolia,Celastraceae,46
MAYTMA,Maytenus,macrocarpa,Celastraceae,12
MELCNG,Melicoccus,novogranatensis,Sapindaceae,135
MELIDO,Meliosma,doly,Sabiaceae,37
MELIVA,Meliosma,vasquezii,Sabiaceae,24
MEMOCL,Memora,cladotricha,Bignoniaceae,2097
MEZIEX,Mezilaurus,extendido,Lauraceae,4
MEZITR,Mezilaurus,triunca,Lauraceae,44
MICOAB,Miconia,abbreviata,Melastomataceae,6
MICOAC,Miconia,acutipetala,Melastomataceae,67
MICOAT,Miconia,atenunodu,Melastomataceae,2
MICOAU,Miconia,aurea_cf.,Melastomataceae,2
MICOBU,Miconia,bubalina,Melastomataceae,378
MICOCA,Miconia,cazaletii,Melastomataceae,1
MICOCE,Miconia,centrodesma,Melastomataceae,9
MICOCH,Miconia,chocofres,Melastomataceae,25
MICOCO,Miconia,corine,Melastomataceae,51
MICOCR,Miconia,crasarb,Melastomataceae,2
MICODE,Miconia,decurrens,Melastomataceae,90
MICOEL,Miconia,elata,Melastomataceae,346
MICOET,Miconia,elatita,Melastomataceae,45
MICOFA,Miconia,falsarug,Melastomataceae,1
MICOFO,Miconia,fosteri,Melastomataceae,108
MICOGC,Miconia,grancordata,Melastomataceae,71
MICOGR,Miconia,grandifolia,Melastomataceae,498
MICOKA,Miconia,karina,Melastomataceae,3
MICOKL,Miconia,klugii,Melastomataceae,89
MICOLA,Miconia,lamprophylla,Melastomataceae,22
MICOLU,Miconia,lugonis,Melastomataceae,12
MICOME,Miconia,medglauca,Melastomataceae,137
MICOMU,Miconia,multispicata,Melastomataceae,101
MICONA,Miconia,napoana,Melastomataceae,81
MICONE,Miconia,nerviblanco,Melastomataceae,29
MICONV,Miconia,nervosa,Melastomataceae,18
MICOPE,Miconia,peqdorada,Melastomataceae,84
MICOPI,Miconia,pilgeriana,Melastomataceae,146
MICOPN,Miconia,punctata,Melastomataceae,4
MICOPO,Miconia,poeppigii,Melastomataceae,14
MICOPR,Miconia,prasina,Melastomataceae,42
MICOPT,Miconia,pterocaulon,Melastomataceae,24
MICOPU,Miconia,purpono,Melastomataceae,597
MICORO,Miconia,roselegante,Melastomataceae,8
MICORU,Miconia,rugosa,Melastomataceae,14
MICOSA,Miconia,sachapurp,Melastomataceae,27
MICOSC,Miconia,schunkei,Melastomataceae,14
MICOSM,Miconia,smaragdina,Melastomataceae,32
MICOTI,Miconia,tipica,Melastomataceae,836
MICOTN,Miconia,trinervia,Melastomataceae,42
MICOTO,Miconia,tomentosa,Melastomataceae,159
MICOTR,Miconia,triplinervis,Melastomataceae,24
MICOZU,Miconia,zubenetana,Melastomataceae,42
MICRBR,Micropholis,brochidodroma,Sapotaceae,58
MICRDO,Micropholis,dorada,Sapotaceae,8
MICRDU,Micropholis,guyanensis,Sapotaceae,19
MICREG,Micropholis,egensis,Sapotaceae,58
MICRVE,Micropholis,venulosa,Sapotaceae,130
MINQGU,Minquartia,guianensis,Olacaceae,181
MOLIGR,Mollia,gracilis,Tiliaceae,14
MOLLKI,Mollinedia,killipii,Monimiaceae,131
MOLLRO,Mollinedia,rojimpreso,Monimiaceae,2
MOLLSP,Mollinedia,spinilarga,Monimiaceae,59
MOLLTO,Mollinedia,tomentosa,Monimiaceae,28
MOLLTR,Mollinedia,tridentata,Monimiaceae,15
MOROPA,Moronobea,pablo,Clusiaceae,4
MOURAC,Mouriri,acutiflora,Melastomataceae,11
MOURGC,Mouriri,grancoala,Melastomataceae,15
MOURGR,Mouriri,grandiflora,Melastomataceae,76
MOURIN,Mouriri,intermedia,Melastomataceae,52
MOURMY,Mouriri,myrtilloides,Melastomataceae,41
MYRCBL,Myrcia,blancanueva,Myrtaceae,166
MYRCPI,Myrcia,pielizard,Myrtaceae,168
MYRCPL,Myrcia,platatomen,Myrtaceae,2
MYRCPS,Myrcia,pseudonitida,Myrtaceae,12
MYRCSP,Myrcia,splendens,Myrtaceae,273
MYRCVE,Myrcia,vertipub,Myrtaceae,241
MYRRAM,Myrciaria,amazonica,Myrtaceae,69
MYRRFL,Myrciaria,floribunda,Myrtaceae,96
MYRRIN,Myrciaria,intermed,Myrtaceae,84
MYROBA,Myroxylon,balsamum,Fabaceae,2
NAUCGL,Naucleopsis,glabra,Moraceae,139
NAUCIM,Naucleopsis,imitans_cf.,Moraceae,44
NAUCKR,Naucleopsis,krukovii,Moraceae,518
NAUCK2,Naucleopsis,krukovii_cf.,Moraceae,19
NAUCUL,Naucleopsis,ulei,Moraceae,281
NECTLA,Nectandra,largibrachi,Lauraceae,204
NECTLI,Nectandra,lineata,Lauraceae,149
NECTME,Nectandra,membranacea,Lauraceae,150
NECTMI,Nectandra,microcarpa,Lauraceae,2
NECTOP,Nectandra,oppositifolia,Lauraceae,221
NECTSK,Nectandra,skinnyret,Lauraceae,1
NECTVI,Nectandra,viburnoides,Lauraceae,666
NECTYA,Nectandra,yarinensis_cf.,Lauraceae,225
NEEAAG,Neea,angostintersec,Nyctaginaceae,155
NEEAAL,Neea,altomini,Nyctaginaceae,11
NEEAAN,Neea,aniboid,Nyctaginaceae,181
NEEABA,Neea,bajio,Nyctaginaceae,900
NEEACL,Neea,claudia,Nyctaginaceae,177
NEEACO,Neea,comun,Nyctaginaceae,894
NEEADA,Neea,daniela,Nyctaginaceae,5
NEEAFU,Neea,fuzzy,Nyctaginaceae,21
NEEAGA,Neea,garci,Nyctaginaceae,20
NEEAGI,Neea,gigante,Nyctaginaceae,58
NEEAGR,Neea,granredonda,Nyctaginaceae,380
NEEAMC,Neea,micro,Nyctaginaceae,28
NEEAMI,Neea,mini,Nyctaginaceae,68
NEEAPA,Neea,paty,Nyctaginaceae,40
NEEAPO,Neea,popular,Nyctaginaceae,177
NEEASU,Neea,supercrasa,Nyctaginaceae,229
NEEAVC,Neea,verdeclara,Nyctaginaceae,3
NEEAVE,Neea,verdeseca,Nyctaginaceae,13
NEOSGR,Neosprucea,grandiflora,Flacourtiaceae,81
OCHRPY,Ochroma,pyramidale,Bombacaceae,1
OCOTAL,Ocotea,alamembra,Lauraceae,147
OCOTAR,Ocotea,argyrophylla,Lauraceae,151
OCOTBA,Ocotea,bayelshmi,Lauraceae,5
OCOTBO,Ocotea,bofo,Lauraceae,157
OCOTCE,Ocotea,cernua,Lauraceae,146
OCOTCH,Ocotea,cujumary,Lauraceae,20
OCOTFL,Ocotea,floribunda,Lauraceae,68
OCOTJA,Ocotea,javitensis,Lauraceae,367
OCOTLA,Ocotea,laurita,Lauraceae,179
OCOTLE,Ocotea,leucoxylon,Lauraceae,53
OCOTLO,Ocotea,longifolia,Lauraceae,3
OCOTLU,Ocotea,luis,Lauraceae,340
OCOTNE,Ocotea,nervijens,Lauraceae,30
OCOTOB,Ocotea,oblonga,Lauraceae,2
OCOTSC,Ocotea,scalariformis,Lauraceae,40
OCOTTE,Ocotea,tessmannii_cf.,Lauraceae,74
OCOTUC,Ocotea,ucayalensis,Lauraceae,13
OENOBA,Oenocarpus,bataua,Arecaceae,106
OENOMA,Oenocarpus,mapora,Arecaceae,2
OPHIHE,Ophiocaryon,heterophyllum,Sabiaceae,602
ORMOAM,Ormosia,amazonica,Fabaceae-papilionoideae,3
ORMOEL,Ormosia,elata,Fabaceae-papilionoideae,24
ORMOPA,Ormosia,paraensis,Fabaceae-papilionoideae,35
OSSABO,Ossaea,boliviensis,Melastomataceae,7
OTOBGL,Otoba,glycycarpa,Myristicaceae,375
OURAFL,Ouratea,flaquita,Ochnaceae,96
OXANME,Oxandra,mediocris,Annonaceae,65
OXANRI,Oxandra,riedeliana,Annonaceae,60
PACHIN,Pachira,insignis,Bombacaceae,186
PACHPU,Pachira,punga-schunkei,Bombacaceae,272
PALIGR,Palicourea,grandiflora,Rubiaceae,37
PALIGU,Palicourea,guianensis,Rubiaceae,233
PALILA,Palicourea,lasiantha,Rubiaceae,6
PALINI,Palicourea,nigricans,Rubiaceae,369
PARASU,Paradrypetes,subintegrifolia,Euphorbiaceae,12
PARIKL,Parinari,klugii,Chrysobalanaceae,5
PARKBA,Parkia,balslevii,Fabaceae-mimosoideae,8
PARKMU,Parkia,multijuga,Fabaceae-mimosoideae,61
PARKNI,Parkia,nitida,Fabaceae-mimosoideae,49
PARKVE,Parkia,velutina,Fabaceae-mimosoideae,41
PATIPA,Patinoa,paraensis,Bombacaceae,66
PAULXE,Paullinia,xestophylla,Sapindaceae,21
PAUSTR,Pausandra,trianae,Euphorbiaceae,733
PENTPA,Pentagonia,parvifolia,Rubiaceae,418
PENTWI,Pentagonia,williamsii_cf.,Rubiaceae,713
PENTWU,Pentagonia,wurdackii,Rubiaceae,99
PENPHU,Pentaplaris,huaoranica,Tiliaceae,1
PERABI,Pera,bicolor,Euphorbiaceae,4
PERADU,Pera,duguet,Euphorbiaceae,27
PEREAN,Perebea,angustifolia,Moraceae,88
PEREGU,Perebea,guianensis,Moraceae,44
PEREGA,Perebea,guianensis_ssp.acanthogyne,Moraceae,96
PEREMO,Perebea,mollis,Moraceae,41
PERETE,Perebea,tessmannii,Moraceae,65
PEREXA,Perebea,xanthochyma,Moraceae,689
PERSAR,Persea,areolatocostae,Lauraceae,23
PERSPE,Persea,persemed,Lauraceae,18
PERSPS,Persea,pseudofasciculata,Lauraceae,41
PHYLAT,Phyllanthus,attenuatus,Euphorbiaceae,3
PHYTTE,Phytelephas,tenuicaulis,Arecaceae,102
PICRJU,Picramnia,juniniana,Simaroubaceae,115
PICRMA,Picramnia,magnifolia,Simaroubaceae,68
PICRMI,Picramnia,mini,Picramniaceae,60
PICRPB,Picramnia,pubibul,Picramniaceae,6
PICRPU,Picramnia,pubirecta,Picramniaceae,47
PICRSE,Picramnia,sellowii,Simaroubaceae,21
PIPEAE,Piper,aequale,Piperaceae,3
PIPEAL,Piper,albert-smithii,Piperaceae,4
PIPEAR,Piper,arboreum,Piperaceae,103
PIPEAU,Piper,augustum,Piperaceae,622
PIPEBE,Piper,bellidi,Piperaceae,165
PIPEBF,Piper,bellidifolium,Piperaceae,13
PIPEBU,Piper,bulada,Piperaceae,14
PIPECO,Piper,cordipub,Piperaceae,30
PIPECR,Piper,crassinervium,Piperaceae,47
PIPEDA,Piper,darkcrasa,Piperaceae,2
PIPEFA,Piper,falsafuzzy,Piperaceae,8
PIPEFU,Piper,fuzicort,Piperaceae,163
PIPEMA,Piper,macrophyllum,Piperaceae,2
PIPEMI,Piper,minibroqui,Piperaceae,12
PIPENE,Piper,nervi,Piperaceae,1
PIPEOC,Piper,obchic,Piperaceae,1966
PIPEOG,Piper,obglab,Piperaceae,28
PIPEON,Piper,obnervi,Piperaceae,11
PIPEOT,Piper,obtomen,Piperaceae,553
PIPEOV,Piper,obvil,Piperaceae,71
PIPEPE,Piper,peltatum,Piperaceae,3
PIPEPU,Piper,pubescens,Piperaceae,47
PIPERE,Piper,renato,Piperaceae,37
PIPERT,Piper,reticulatum,Piperaceae,3
PIPESC,Piper,scab,Piperaceae,53
PIPESE,Piper,sesivil,Piperaceae,19
PIPTPT,Piptadenia,pteroclada,Fabaceae,4
PLATPI,Platymiscium,pinnatum,Fabaceae-papilionoideae,2
PLATST,Platymiscium,stipulare,Fabaceae-papilionoideae,18
PLEUBI,Pleurothyrium,bifidum,Lauraceae,57
PLEUCI,Pleurothyrium,cinereum,Lauraceae,1
PLEUCU,Pleurothyrium,cuneifolium,Lauraceae,91
PLEUGL,Pleurothyrium,glabrifolium,Lauraceae,87
PLEUIN,Pleurothyrium,insigne,Lauraceae,179
PLEUWI,Pleurothyrium,willamsii_cf.,Lauraceae,15
PLINCA,Plinia,caulimpreso,Myrtaceae,6
PLINCO,Plinia,cortezablanca,Myrtaceae,27
PLINPS,Plinia,pseudomouriri,Myrtaceae,116
PLINUN,Plinia,unop,Myrtaceae,56
POSOLA,Posoqueria,latifolia,Rubiaceae,104
POSOLO,Posoqueria,longiflora,Rubiaceae,26
POTARE,Potalia,resinifera,Loganiaceae,42
POULAR,Poulsenia,armata,Moraceae,11
POURBI,Pourouma,bicolor,Cecropiaceae,1344
POURDE,Pourouma,deeplob,Cecropiaceae,153
POURGU,Pourouma,guianensis,Cecropiaceae,89
POURME,Pourouma,medioarco,Cecropiaceae,3
POURMI,Pourouma,minor,Cecropiaceae,310
POURNA,Pourouma,napoensis,Cecropiaceae,9
POURPE,Pourouma,persecta,Cecropiaceae,110
POURTO,Pourouma,tomentosa,Cecropiaceae,306
POUTAC,Pouteria,hispida,Sapotaceae,30
POUTAN,Pouteria,anchalisa,Sapotaceae,52
POUTAP,Pouteria,angostaloopy,Sapotaceae,53
POUTBA,Pouteria,baehniana,Sapotaceae,13
POUTBI,Pouteria,bilocularis,Sapotaceae,24
POUTCA,Pouteria,caimito,Sapotaceae,24
POUTCU,Pouteria,cuspidata_ssp.dura,Sapotaceae,1
POUTCR,Pouteria,cuspidata_ssp.robusta,Sapotaceae,12
POUTDO,Pouteria,doradagrande,Sapotaceae,20
POUTDU,Pouteria,durlandii,Sapotaceae,20
POUTDP,Pouteria,durlandii_ssp.pubicarpa,Sapotaceae,40
POUTGM,Pouteria,glomerata,Sapotaceae,146
POUTGO,Pouteria,granopaca,Sapotaceae,7
POUTGR,Pouteria,gracilis,Sapotaceae,33
POUTGU,Pouteria,guianensis,Sapotaceae,99
POUTKR,Pouteria,krukovii,Sapotaceae,52
POUTLA,Pouteria,largamembra,Sapotaceae,26
POUTMU,Pouteria,multiflora,Sapotaceae,58
POUTNU,Pouteria,nudipetala,Sapotaceae,29
POUTPE,Pouteria,peciolote,Sapotaceae,179
POUTPL,Pouteria,platyphylla,Sapotaceae,44
POUTPR,Pouteria,procera,Sapotaceae,29
POUTRD,Pouteria,redondita,Sapotaceae,76
POUTRE,Pouteria,reticulata,Sapotaceae,132
POUTRO,Pouteria,rostrata,Sapotaceae,114
POUTSM,Pouteria,smedobov,Sapotaceae,20
POUTTC,Pouteria,tortachicorden,Sapotaceae,21
POUTTO,Pouteria,tortachica,Sapotaceae,89
POUTTG,Pouteria,torta_ssp.glabra,Sapotaceae,188
POUTTT,Pouteria,torta_ssp.tuberculata,Sapotaceae,85
POUTTR,Pouteria,trilocularis,Sapotaceae,94
POUTVE,Pouteria,vernicosa,Sapotaceae,389
PRADAT,Pradosia,atroviolacea,Sapotaceae,58
PRESSC,Prestoea,schultzeana,Arecaceae,419
PROTAM,Protium,amazonicum,Burseraceae,129
PROTAR,Protium,aracouchini,Burseraceae,307
PROTBR,Protium,brillanodu,Burseraceae,187
PROTGL,Protium,glabrescens,Burseraceae,178
PROTGR,Protium,grannodu,Burseraceae,200
PROTGU,Protium,guianense,Burseraceae,86
PROTNO,Protium,nodulosum,Burseraceae,765
PROTSA,Protium,sagotianum,Burseraceae,663
PROTTR,Protium,trifoliolatum,Burseraceae,1
PROTUN,Protium,unifoliolatum,Burseraceae,3
PRUNDE,Prunus,debilis,Rosaceae,35
PSEULA,Pseudolmedia,laevigata,Moraceae,379
PSEULS,Pseudolmedia,laevis,Moraceae,607
PSEUMA,Pseudolmedia,macrophylla,Moraceae,139
PSEURI,Pseudolmedia,rigida,Moraceae,27
PSEDDI,Pseudomalmea,diclina,Annonaceae,66
PSEPSU,Pseudopiptadenia,suaveolens,Fabaceae,145
PSYCBO,Psychotria,borjensis,Rubiaceae,35
PSYCCA,Psychotria,caerulea,Rubiaceae,72
PSYCDE,Psychotria,deflexa,Rubiaceae,14
PSYCDR,Psychotria,dracula,Rubiaceae,13
PSYCHU,Psychotria,huampamiensis,Rubiaceae,235
PSYCME,Psychotria,membradomat,Rubiaceae,15
PSYCON,Psychotria,ondulada,Rubiaceae,3
PSYCOF,Psychotria,officinalis,Rubiaceae,9
PSYCPO,Psychotria,poeppigiana,Rubiaceae,42
PSYCRE,Psychotria,remota,Rubiaceae,24
PSYCST,Psychotria,stenostachya,Rubiaceae,100
PSYCVI,Psychotria,viridis,Rubiaceae,15
PTERRH,Pterocarpus,rhorii_cf.,Fabaceae-papilionoideae,227
QUALPA,Qualea,paraensis,Vochysiaceae,165
QUARBI,Quararibea,bilobata_cf.,Bombacaceae,215
QUARWI,Quararibea,wittii,Bombacaceae,122
QUIIAM,Quiina,amazonica,Quiinaceae,1
QUIIFL,Quiina,florida,Quiinaceae,145
QUIIGR,Quiina,grandifolia_cf.,Quiinaceae,8
QUIIMA,Quiina,macrophylla_cf.,Quiinaceae,30
QUIIMD,Quiina,mediana,Quiinaceae,76
RANDBI,Randia,bigfuzzy,Rubiaceae,27
RANDGO,Randia,gorky,Rubiaceae,14
RANDMA,Randia,manolo,Rubiaceae,5
RAUVPR,Rauvolfia,praecox,Apocynaceae,6
RHAMEL,Rhamnidium,elaeocarpum,Rhamnaceae,2
RHODGR,Rhodostemonodaphne,grandis,Lauraceae,45
RHODJU,Rhodostemonodaphne,juruensis,Lauraceae,84
RHODKU,Rhodostemonodaphne,kunthiana,Lauraceae,18
RHODLI,Rhodostemonodaphne,licanoides,Lauraceae,37
RHODSO,Rhodostemonodaphne,sordida,Lauraceae,4
RICHRA,Richeria,racemosa,Euphorbiaceae,141
RINOAP,Rinorea,apiculata,Violaceae,1346
RINOLI,Rinorea,lindeniana,Violaceae,3210
RINOVI,Rinorea,viridifolia,Violaceae,1416
ROLLCH,Rollinia,chrysocarpa,Annonaceae,49
ROLLCU,Rollinia,cuspidata,Annonaceae,48
ROLLDO,Rollinia,dolichopetala,Annonaceae,43
ROLLFL,Rollinia,flacaglabra,Annonaceae,20
ROLLGL,Rollinia,glomerulifera,Annonaceae,23
ROLLPI,Rollinia,pittieri,Annonaceae,38
ROUPMO,Roupala,montana,Proteaceae,19
RUAGIN,Ruagea,insignis,Meliaceae,3
RUDGBR,Rudgea,bracteata,Rubiaceae,67
RUDGFI,Rudgea,fina,Rubiaceae,15
RUDGJA,Rudgea,japurensis,Rubiaceae,6
RUDGNO,Rudgea,nodincho,Rubiaceae,10
RUIZOV,Ruizodendron,ovale,Annonaceae,19
RYANSP,Ryania,speciosa,Flacourtiaceae,150
RYANST,Ryania,tomentosa,Flacourtiaceae,11
SAGORA,Sagotia,racemosa,Euphorbiaceae,79
SALAAT,Salacia,atenucrasa,Celastraceae,340
SALAMA,Salacia,macrantha,Celastraceae,23
SAPIGL,Sapium,glandulosum_cf.,Euphorbiaceae,29
SAPILA,Sapium,largident,Euphorbiaceae,4
SAPIRE,Sapium,redonda,Euphorbiaceae,7
SARCBR,Sarcaulus,brasiliensis,Sapotaceae,99
SARCPE,Sarcaulus,peloscostimpreso,Sapotaceae,64
SARCRO,Sarcaulus,romolerouxii,Sapotaceae,174
SARCVE,Sarcaulus,vestitus,Sapotaceae,82
SCHEMO,Schefflera,morototoni,Araliaceae,38
SCHIPA,Schizolobium,parahyba,Fabaceae-caesalpinioideae,15
SCHOPO,Schoenobiblus,peruvianus,Thymelaeaceae,13
SCHPLU,Schoepfia,lucida,Olacaceae,11
SENNBA,Senna,bacillaris,Fabaceae-caesalpinioideae,6
SENNMA,Senna,macrophylla,Fabaceae-caesalpinioideae,4
SENNTR,Senna,trolliiflora,Fabaceae-caesalpinioideae,4
SIMAOR,Simaba,orinocensis,Simaroubaceae,103
SIMAPA,Simaba,paraensis,Simaroubaceae,32
SIMAPO,Simaba,polyphylla,Simaroubaceae,106
SIMRAM,Simarouba,amara,Simaroubaceae,28
SIMICO,Simira,cordifolia,Rubiaceae,39
SIMIRU,Simira,rubescens,Rubiaceae,15
SIPAAN,Siparuna,angostadiente,Monimiaceae,5
SIPABI,Siparuna,bigll3??Siparunaceae,Monimiaceae,555
SIPACE,Siparuna,cervicornis,Monimiaceae,156
SIPACU,Siparuna,cuspidata,Monimiaceae,657
SIPADE,Siparuna,decipiens,Monimiaceae,958
SIPAMA,Siparuna,macrotepala,Monimiaceae,76
SIPAPO,Siparuna,poeppigii,Monimiaceae,54
SIPATH,Siparuna,thecaphora_1,Monimiaceae,50
SIPAT2,Siparuna,thecaphora_2,Monimiaceae,226
SIPAT3,Siparuna,thecaphora_3,Monimiaceae,5
SLOAFR,Sloanea,fragrans,Elaeocarpaceae,118
SLOAGD,Sloanea,granredonda,Elaeocarpaceae,49
SLOAGI,Sloanea,gigapulvi,Elaeocarpaceae,81
SLOAGU,Sloanea,guia,Elaeocarpaceae,62
SLOAME,Sloanea,membramini,Elaeocarpaceae,1
SLOANE,Sloanea,nervi,Elaeocarpaceae,1
SLOAOA,Sloanea,oak,Elaeocarpaceae,10
SLOAOB,Sloanea,obtusifolia,Elaeocarpaceae,23
SLOAOP,Sloanea,oppd,Elaeocarpaceae,24
SLOAPE,Sloanea,pequrva,Elaeocarpaceae,45
SLOAPO,Sloanea,polvorojo,Elaeocarpaceae,1
SLOAPU,Sloanea,pubescens_cf.,Elaeocarpaceae,370
SLOARO,Sloanea,robustipeq,Elaeocarpaceae,86
SLOAR2,Sloanea,robusta_cf.,Elaeocarpaceae,240
SLOARU,Sloanea,rufisessi,Elaeocarpaceae,3
SLOASY,Sloanea,synandra,Elaeocarpaceae,86
SMILNE,Smilax,nervipromin,Smilacaceae,1
SOCREX,Socratea,exorrhiza,Arecaceae,22
SOLAAL,Solanum,altissimum,Solanaceae,143
SOLAGD,Solanum,grandiflorum,Solanaceae,3
SOLAGR,Solanum,granmini,Solanaceae,17
SOLALE,Solanum,leptopodum,Solanaceae,14
SOLALP,Solanum,lepidotum,Solanaceae,5
SOLAMA,Solanum,malletii,Solanaceae,226
SOLASE,Solanum,sessile,Solanaceae,14
SOLASY,Solanum,sylvaticum,Solanaceae,1
SOROMU,Sorocea,muriculata,Moraceae,487
SOROPH,Sorocea,pubivena_ssp.hirtella,Moraceae,436
SOROPO,Sorocea,pubivena_ssp.oligotricha,Moraceae,79
SOROSA,Sorocea,sarcocarpa_cf.,Moraceae,1
SOROST,Sorocea,steinbachii,Moraceae,680
SPONMO,Spondias,mombin,Anacardiaceae,57
STERAP,Sterculia,apeibophylla,Sterculiaceae,44
STERAT,Sterculia,apetala,Sterculiaceae,3
STERCO,Sterculia,colombiana,Sterculiaceae,197
STERFR,Sterculia,frondosa,Sterculiaceae,225
STERTE,Sterculia,tessmannii,Sterculiaceae,195
STRCDA,Strychnos,darienensis,Loganiaceae,37
STRYPO,Stryphnodendron,porcatum,Fabaceae,17
STYLLO,Stylogyne,longifolia,Myrsinaceae,173
STYRCO,Styrax,cordatus,Styracaceae,2
STYRGU,Styrax,guyanensis,Styracaceae,8
SWARAR,Swartzia,arborescens,Fabaceae-papilionoideae,45
SWARBE,Swartzia,benthamiana,Fabaceae-papilionoideae,97
SWARBO,Swartzia,bombycina,Fabaceae-papilionoideae,21
SWARCA,Swartzia,cardiosperma,Fabaceae-papilionoideae,105
SWARMU,Swartzia,multijuga,Fabaceae-papilionoideae,76
SWARSI,Swartzia,simplex,Fabaceae-papilionoideae,102
SYMHGL,Symphonia,globulifera,Clusiaceae,44
SYMPAR,Symplocos,arechea,Symplocaceae,2
TABEOC,Tabebuia,ochracea,Bignoniaceae,7
TABESE,Tabebuia,serratifolia,Bignoniaceae,32
TABRPE,Tabernaemontana,peque?a,Apocynaceae,33
TABRSA,Tabernaemontana,sananho,Apocynaceae,230
TACHFO,Tachigali,formicarum,Fabaceae-caesalpinioideae,336
TACHPA,Tachigali,paraensis,Fabaceae-caesalpinioideae,22
TACHPN,Tachigali,paniculata,Fabaceae-caesalpinioideae,3
TALAOV,Talauma,ovata,Magnoliaceae,105
TALATY,Talauma,tyana,Magnoliaceae,39
TALICE,Talisia,cerasina,Sapindaceae,47
TALIGI,Talisia,gigapulvi,Sapindaceae,12
TALIPU,Talisia,pulvinote,Sapindaceae,35
TALIRE,Talisia,2-retic,Sapindaceae,4
TAPIGU,Tapirira,guianensis,Anacardiaceae,291
TAPIOB,Tapirira,obtusa,Anacardiaceae,35
TAPISA,Tapirira,myriantha,Anacardiaceae,24
TAPUJU,Tapura,juruana,Dichapetalaceae,223
TAPUPE,Tapura,peruviana,Dichapetalaceae,299
TERMAM,Terminalia,amazonia,Combretaceae,9
TERMAX,Terminalia,axilpub,Combretaceae,7
TERMOB,Terminalia,ob,Combretaceae,68
TERMOG,Terminalia,oblonga,Combretaceae,10
TESSHE,Tessmannianthus,heterostemon,Melastomataceae,33
TETGPA,Tetragastris,panamensis,Burseraceae,258
TETTMA,Tetrathylacium,macrophyllum,Flacourtiaceae,1052
TETRMC,Tetrorchidium,macrophyllum,Euphorbiaceae,135
THEOSP,Theobroma,speciosum,Sterculiaceae,308
THEOSU,Theobroma,subincanum,Sterculiaceae,606
THYRPA,Thyrsodium,paraense_cf.,Anacardiaceae,10
TOCCGU,Tococa,guianensis,Melastomataceae,4
TOCOBU,Tocoyena,burnham,Rubiaceae,22
TOVOAL,Tovomita,alargada,Clusiaceae,11
TOVOGC,Tovomita,grancrasa,Clusiaceae,23
TOVOGR,Tovomita,grande,Clusiaceae,41
TOVOTY,Tovomita,tyana,Clusiaceae,8
TRATAS,Trattinnickia,lawrancei,Burseraceae,12
TRATGL,Trattinnickia,glaziovii_cf.,Burseraceae,21
TRATLA,Trattinnickia,lancifolia,Burseraceae,2
TREMMI,Trema,micrantha,Ulmaceae,18
TRICAD,Trichilia,adolfi,Meliaceae,12
TRICCI,Trichilia,cip,Meliaceae,12
TRICDE,Trichilia,densapunta,Meliaceae,6
TRICEL,Trichilia,elsae,Meliaceae,323
TRICLA,Trichilia,laxipaniculata,Meliaceae,2
TRICMA,Trichilia,maynasiana,Meliaceae,88
TRICMI,Trichilia,micrantha,Meliaceae,73
TRICOB,Trichilia,obovata,Meliaceae,127
TRICPA,Trichilia,pallida,Meliaceae,132
TRICPL,Trichilia,pleeana_cf.,Meliaceae,13
TRICPO,Trichilia,poeppigii,Meliaceae,595
TRICQU,Trichilia,quadrijuga,Meliaceae,14
TRICRU,Trichilia,rubra,Meliaceae,113
TRICSE,Trichilia,septentrionalis,Meliaceae,276
TRICSO,Trichilia,solitudinis,Meliaceae,222
TRIGTR,Trigynaea,triplinervis,Annonaceae,148
TRIPDU,Triplaris,dugandii,Polygonaceae,1
TRYMAM,Trymatococcus,amazonicus,Moraceae,77
TURPOC,Turpinia,occidentalis,Staphyleaceae,139
UNONFL,Unonopsis,floribunda,Annonaceae,144
UNONVE,Unonopsis,veneficiorum,Annonaceae,1071
URERBA,Urera,baccifera,Urticaceae,43
VANTGU,Vantanea,guianensis,Humiriaceae,84
VIRODI,Virola,dixonii,Myristicaceae,90
VIRODU,Virola,duckei,Myristicaceae,128
VIROEL,Virola,elongata,Myristicaceae,114
VIROFL,Virola,flexuosa,Myristicaceae,74
VIROMI,Virola,microfuzzy,Myristicaceae,79
VIROMO,Virola,mollissima,Myristicaceae,55
VIROMU,Virola,multinervia,Myristicaceae,18
VIROOB,Virola,obovata,Myristicaceae,399
VIROPA,Virola,pavonis,Myristicaceae,143
VIROSU,Virola,surinamensis,Myristicaceae,9
VIROTH,Virola,theiodora,Myristicaceae,7
VISMBA,Vismia,baccifera,Clusiaceae,21
VISMBO,Vismia,bosque,Clusiaceae,36
VISMFL,Vismia,floribunda,Clusiaceae,11
VISMMA,Vismia,macrophylla,Clusiaceae,7
VISMSP,Vismia,sprucei,Clusiaceae,18
VITESC,Vitex,schunkei,Verbenaceae,11
VITETR,Vitex,triflora,Verbenaceae,25
VOCHBR,Vochysia,braceliniae,Vochysiaceae,7
VOURAN,Vouarana,anomala,Sapindaceae,14
WARSCO,Warszewiczia,cordata,Rubiaceae,203
WETTMA,Wettinia,maynensis,Arecaceae,171
WITTST,Wittmackanthus,stanleyanus,Rubiaceae,139
XYLOCU,Xylopia,cuspidata,Annonaceae,279
XYLOHI,Xylopia,hiena,Annonaceae,8
XYLOLI,Xylopia,aromatica,Annonaceae,57
XYLSTE,Xylosma,tessmannii_cf.,Flacourtiaceae,1
ZANTGL,Zanthoxylum,glanredonda,Rutaceae,23
ZANTMA,Zanthoxylum,margland,Rutaceae,140
ZANTNE,Zanthoxylum,nervi,Rutaceae,7
ZANTPE,Zanthoxylum,perp,Rutaceae,37
ZANTPN,Zanthoxylum,pendiente,Rutaceae,12
ZANTSE,Zanthoxylum,setulosum,Rutaceae,4
ZANTSP,Zanthoxylum,sprucei_aff.,Rutaceae,60
ZANTSU,Zanthoxylum,suave,Rutaceae,1
ZIZICI,Ziziphus,cinnamomum,Rhamnaceae,19
ZYGIHE,Zygia,heteroneura,Fabaceae,1774
ZYGIME,Zygia,mediana,Fabaceae,358
